date,v_t
2008-02-15,46
2008-02-18,46
2008-02-19,46
2008-02-20,46
2008-02-21,46
2008-02-22,46
2008-02-25,46
2008-02-26,46
2008-02-27,46
2008-02-28,46
2008-02-29,46
2008-03-03,46
2008-03-04,46
2008-03-05,46
2008-03-06,46
2008-03-07,46
2008-03-10,46
2008-03-11,46
2008-03-12,46
2008-03-13,46
2008-03-14,46
2008-03-17,46
2008-03-18,46
2008-03-19,46
2008-03-20,46
2008-03-25,46
2008-03-26,46
2008-03-27,46
2008-03-28,46
2008-03-31,46
2008-04-01,46
2008-04-02,46
2008-04-03,46
2008-04-07,46
2008-04-08,46
2008-04-09,46
2008-04-10,46
2008-04-11,46
2008-04-14,46
2008-04-15,46
2008-04-16,46
2008-04-17,46
2008-04-18,46
2008-04-21,46
2008-04-22,46
2008-04-23,46
2008-04-24,46
2008-04-25,46
2008-04-28,46
2008-04-29,46
2008-04-30,46
2008-05-02,46
2008-05-05,46
2008-05-06,46
2008-05-07,46
2008-05-08,46
2008-05-09,46
2008-05-13,46
2008-05-14,46
2008-05-15,46
2008-05-16,46
2008-05-19,46
2008-05-20,46
2008-05-21,46
2008-05-22,46
2008-05-23,46
2008-05-26,46
2008-05-27,46
2008-05-28,46
2008-05-29,46
2008-05-30,46
2008-06-02,46
2008-06-03,46
2008-06-04,46
2008-06-05,46
2008-06-06,46
2008-06-10,46
2008-06-11,46
2008-06-12,46
2008-06-13,46
2008-06-16,46
2008-06-17,46
2008-06-18,46
2008-06-19,46
2008-06-20,46
2008-06-23,46
2008-06-24,46
2008-06-25,46
2008-06-26,46
2008-06-27,46
2008-06-30,46
2008-07-02,46
2008-07-03,46
2008-07-04,46
2008-07-07,46
2008-07-08,46
2008-07-09,46
2008-07-10,46
2008-07-11,46
2008-07-14,46
2008-07-15,46
2008-07-16,46
2008-07-17,46
2008-07-18,46
2008-07-21,46
2008-07-22,46
2008-07-23,46
2008-07-24,46
2008-07-25,46
2008-07-28,46
2008-07-29,46
2008-07-30,46
2008-07-31,46
2008-08-01,46
2008-08-04,46
2008-08-05,46
2008-08-07,46
2008-08-08,46
2008-08-11,46
2008-08-12,46
2008-08-13,46
2008-08-14,46
2008-08-15,46
2008-08-18,46
2008-08-19,46
2008-08-20,46
2008-08-21,46
2008-08-25,46
2008-08-26,46
2008-08-27,46
2008-08-28,46
2008-08-29,46
2008-09-01,46
2008-09-02,46
2008-09-03,46
2008-09-04,46
2008-09-05,46
2008-09-08,46
2008-09-09,46
2008-09-10,46
2008-09-11,46
2008-09-12,46
2008-09-16,46
2008-09-17,46
2008-09-18,46
2008-09-19,46
2008-09-22,46
2008-09-23,46
2008-09-24,46
2008-09-25,46
2008-09-26,46
2008-09-29,46
2008-09-30,46
2008-10-02,46
2008-10-03,46
2008-10-06,46
2008-10-08,46
2008-10-09,46
2008-10-10,46
2008-10-13,46
2008-10-14,46
2008-10-15,46
2008-10-16,46
2008-10-17,46
2008-10-20,46
2008-10-21,46
2008-10-22,46
2008-10-23,46
2008-10-24,46
2008-10-27,46
2008-10-28,46
2008-10-29,46
2008-10-30,46
2008-10-31,46
2008-11-03,46
2008-11-04,46
2008-11-05,46
2008-11-06,46
2008-11-07,46
2008-11-10,46
2008-11-11,46
2008-11-12,46
2008-11-13,46
2008-11-14,46
2008-11-17,46
2008-11-18,46
2008-11-19,46
2008-11-20,46
2008-11-21,46
2008-11-24,46
2008-11-25,46
2008-11-26,46
2008-11-27,46
2008-11-28,46
2008-12-01,46
2008-12-02,46
2008-12-03,46
2008-12-04,46
2008-12-05,46
2008-12-08,46
2008-12-09,46
2008-12-10,46
2008-12-11,46
2008-12-12,46
2008-12-15,46
2008-12-16,46
2008-12-17,46
2008-12-18,46
2008-12-19,46
2008-12-22,46
2008-12-23,46
2008-12-24,46
2008-12-29,46
2008-12-30,46
2008-12-31,46
2009-01-02,46
2009-01-05,46
2009-01-06,46
2009-01-07,46
2009-01-08,46
2009-01-09,46
2009-01-12,46
2009-01-13,46
2009-01-14,46
2009-01-15,46
2009-01-16,46
2009-01-19,46
2009-01-20,46
2009-01-21,46
2009-01-22,46
2009-01-23,46
2009-01-29,46
2009-01-30,46
2009-02-02,46
2009-02-03,46
2009-02-04,46
2009-02-05,46
2009-02-06,46
2009-02-09,46
2009-02-10,46
2009-02-11,46
2009-02-12,46
2009-02-13,46
2009-02-16,46
2009-02-17,46
2009-02-18,46
2009-02-19,46
2009-02-20,46
2009-02-23,46
2009-02-24,46
2009-02-25,46
2009-02-26,46
2009-02-27,46
2009-03-02,46
2009-03-03,46
2009-03-04,46
2009-03-05,46
2009-03-06,46
2009-03-09,46
2009-03-10,46
2009-03-11,46
2009-03-12,46
2009-03-13,46
2009-03-16,46
2009-03-17,46
2009-03-18,46
2009-03-19,46
2009-03-20,46
2009-03-23,46
2009-03-24,46
2009-03-25,46
2009-03-26,46
2009-03-27,46
2009-03-30,46
2009-03-31,46
2009-04-01,46
2009-04-02,46
2009-04-03,46
2009-04-06,46
2009-04-07,46
2009-04-08,46
2009-04-09,46
2009-04-14,46
2009-04-15,46
2009-04-16,46
2009-04-17,46
2009-04-20,46
2009-04-21,46
2009-04-22,46
2009-04-23,46
2009-04-24,46
2009-04-27,46
2009-04-28,46
2009-04-29,46
2009-04-30,46
2009-05-04,46
2009-05-05,46
2009-05-06,46
2009-05-07,46
2009-05-08,46
2009-05-11,46
2009-05-12,46
2009-05-13,46
2009-05-14,46
2009-05-15,46
2009-05-18,46
2009-05-19,46
2009-05-20,46
2009-05-21,46
2009-05-22,46
2009-05-25,46
2009-05-26,46
2009-05-27,46
2009-05-29,46
2009-06-01,46
2009-06-02,46
2009-06-03,46
2009-06-04,46
2009-06-05,46
2009-06-08,46
2009-06-09,46
2009-06-10,46
2009-06-11,46
2009-06-12,46
2009-06-15,46
2009-06-16,46
2009-06-17,46
2009-06-18,46
2009-06-19,46
2009-06-22,46
2009-06-23,46
2009-06-24,46
2009-06-25,46
2009-06-26,46
2009-06-29,46
2009-06-30,46
2009-07-02,46
2009-07-03,46
2009-07-06,46
2009-07-07,46
2009-07-08,46
2009-07-09,46
2009-07-10,46
2009-07-13,46
2009-07-14,46
2009-07-15,46
2009-07-16,46
2009-07-17,46
2009-07-20,46
2009-07-21,46
2009-07-22,46
2009-07-23,46
2009-07-24,46
2009-07-27,46
2009-07-28,46
2009-07-29,46
2009-07-30,46
2009-07-31,46
2009-08-03,46
2009-08-04,46
2009-08-05,46
2009-08-06,46
2009-08-07,46
2009-08-10,46
2009-08-11,46
2009-08-12,46
2009-08-13,46
2009-08-14,46
2009-08-17,46
2009-08-18,46
2009-08-19,46
2009-08-20,46
2009-08-21,46
2009-08-24,46
2009-08-25,46
2009-08-26,46
2009-08-27,46
2009-08-28,46
2009-08-31,46
2009-09-01,46
2009-09-02,46
2009-09-03,46
2009-09-04,46
2009-09-07,46
2009-09-08,46
2009-09-09,46
2009-09-10,46
2009-09-11,46
2009-09-14,46
2009-09-15,46
2009-09-16,46
2009-09-17,46
2009-09-18,46
2009-09-21,46
2009-09-22,46
2009-09-23,46
2009-09-24,46
2009-09-25,46
2009-09-28,46
2009-09-29,46
2009-09-30,46
2009-10-02,46
2009-10-05,46
2009-10-06,46
2009-10-07,46
2009-10-08,46
2009-10-09,46
2009-10-12,46
2009-10-13,46
2009-10-14,46
2009-10-15,46
2009-10-16,46
2009-10-19,46
2009-10-20,46
2009-10-21,46
2009-10-22,46
2009-10-23,46
2009-10-27,46
2009-10-28,46
2009-10-29,46
2009-10-30,46
2009-11-02,46
2009-11-03,46
2009-11-04,46
2009-11-05,46
2009-11-06,46
2009-11-09,46
2009-11-10,46
2009-11-11,46
2009-11-12,46
2009-11-13,46
2009-11-16,46
2009-11-17,46
2009-11-18,46
2009-11-19,46
2009-11-20,46
2009-11-23,46
2009-11-24,46
2009-11-25,46
2009-11-26,46
2009-11-27,46
2009-11-30,46
2009-12-01,46
2009-12-02,46
2009-12-03,46
2009-12-04,46
2009-12-07,46
2009-12-08,46
2009-12-09,46
2009-12-10,46
2009-12-11,46
2009-12-14,46
2009-12-15,46
2009-12-16,46
2009-12-17,46
2009-12-18,46
2009-12-21,46
2009-12-22,46
2009-12-23,46
2009-12-28,46
2009-12-29,46
2009-12-30,46
2010-01-04,46
2010-01-05,46
2010-01-06,47
2010-01-07,47
2010-01-08,47
2010-01-11,47
2010-01-12,47
2010-01-13,47
2010-01-14,47
2010-01-15,48
2010-01-18,48
2010-01-19,48
2010-01-20,48
2010-01-21,48
2010-01-22,48
2010-01-25,48
2010-01-26,48
2010-01-27,48
2010-01-28,48
2010-01-29,48
2010-02-01,48
2010-02-02,48
2010-02-03,48
2010-02-04,48
2010-02-05,48
2010-02-08,48
2010-02-09,48
2010-02-10,48
2010-02-11,48
2010-02-12,48
2010-02-17,48
2010-02-18,48
2010-02-19,48
2010-02-22,48
2010-02-23,48
2010-02-24,48
2010-02-25,48
2010-02-26,48
2010-03-01,48
2010-03-02,48
2010-03-03,48
2010-03-04,48
2010-03-05,48
2010-03-08,48
2010-03-09,48
2010-03-10,48
2010-03-11,48
2010-03-12,48
2010-03-15,48
2010-03-16,48
2010-03-17,48
2010-03-18,48
2010-03-19,48
2010-03-22,48
2010-03-23,48
2010-03-24,48
2010-03-25,48
2010-03-26,48
2010-03-29,48
2010-03-30,48
2010-03-31,48
2010-04-01,48
2010-04-07,48
2010-04-08,48
2010-04-09,48
2010-04-12,48
2010-04-13,48
2010-04-14,48
2010-04-15,48
2010-04-16,48
2010-04-19,48
2010-04-20,48
2010-04-21,48
2010-04-22,48
2010-04-23,48
2010-04-26,48
2010-04-27,48
2010-04-28,48
2010-04-29,48
2010-04-30,48
2010-05-03,48
2010-05-04,48
2010-05-05,48
2010-05-06,48
2010-05-07,48
2010-05-10,48
2010-05-11,48
2010-05-12,48
2010-05-13,48
2010-05-14,48
2010-05-17,48
2010-05-18,48
2010-05-19,48
2010-05-20,48
2010-05-24,48
2010-05-25,48
2010-05-26,48
2010-05-27,48
2010-05-28,48
2010-05-31,48
2010-06-01,48
2010-06-02,48
2010-06-03,48
2010-06-04,48
2010-06-07,48
2010-06-08,48
2010-06-09,48
2010-06-10,48
2010-06-11,48
2010-06-14,48
2010-06-15,48
2010-06-17,48
2010-06-18,48
2010-06-21,48
2010-06-22,48
2010-06-23,48
2010-06-24,48
2010-06-25,48
2010-06-28,48
2010-06-29,48
2010-06-30,48
2010-07-02,48
2010-07-05,48
2010-07-06,48
2010-07-07,48
2010-07-08,48
2010-07-09,48
2010-07-12,48
2010-07-13,48
2010-07-14,48
2010-07-15,48
2010-07-16,48
2010-07-19,48
2010-07-20,48
2010-07-21,48
2010-07-22,48
2010-07-23,48
2010-07-26,48
2010-07-27,48
2010-07-28,48
2010-07-29,48
2010-07-30,48
2010-08-02,48
2010-08-03,48
2010-08-04,48
2010-08-05,48
2010-08-06,48
2010-08-09,48
2010-08-10,48
2010-08-11,48
2010-08-12,48
2010-08-13,48
2010-08-16,48
2010-08-17,48
2010-08-18,48
2010-08-19,48
2010-08-20,48
2010-08-23,48
2010-08-24,48
2010-08-25,48
2010-08-26,48
2010-08-27,48
2010-08-30,48
2010-08-31,48
2010-09-01,48
2010-09-02,48
2010-09-03,48
2010-09-06,48
2010-09-07,48
2010-09-08,48
2010-09-09,48
2010-09-10,48
2010-09-13,48
2010-09-14,48
2010-09-15,48
2010-09-16,48
2010-09-17,48
2010-09-20,48
2010-09-21,48
2010-09-22,48
2010-09-24,48
2010-09-27,48
2010-09-28,48
2010-09-29,48
2010-09-30,48
2010-10-04,48
2010-10-05,48
2010-10-06,48
2010-10-07,48
2010-10-08,48
2010-10-11,48
2010-10-12,48
2010-10-13,48
2010-10-14,48
2010-10-15,48
2010-10-18,48
2010-10-19,48
2010-10-20,48
2010-10-21,48
2010-10-22,48
2010-10-25,48
2010-10-26,48
2010-10-27,48
2010-10-28,48
2010-10-29,48
2010-11-01,48
2010-11-02,48
2010-11-03,48
2010-11-04,48
2010-11-05,48
2010-11-08,48
2010-11-09,48
2010-11-10,48
2010-11-11,48
2010-11-12,48
2010-11-15,48
2010-11-16,48
2010-11-17,48
2010-11-18,48
2010-11-19,48
2010-11-22,48
2010-11-23,48
2010-11-24,48
2010-11-25,48
2010-11-26,48
2010-11-29,48
2010-11-30,48
2010-12-01,48
2010-12-02,48
2010-12-03,48
2010-12-06,48
2010-12-07,48
2010-12-08,48
2010-12-09,48
2010-12-10,49
2010-12-13,49
2010-12-14,49
2010-12-15,49
2010-12-16,49
2010-12-17,49
2010-12-20,49
2010-12-21,49
2010-12-22,49
2010-12-23,49
2010-12-28,49
2010-12-29,49
2010-12-30,49
2011-01-03,49
2011-01-04,49
2011-01-05,49
2011-01-06,49
2011-01-07,49
2011-01-10,49
2011-01-11,49
2011-01-12,49
2011-01-13,49
2011-01-14,49
2011-01-17,49
2011-01-18,49
2011-01-19,49
2011-01-20,49
2011-01-21,49
2011-01-24,49
2011-01-25,49
2011-01-26,49
2011-01-27,49
2011-01-28,49
2011-01-31,49
2011-02-01,49
2011-02-07,49
2011-02-08,49
2011-02-09,49
2011-02-10,49
2011-02-11,49
2011-02-14,49
2011-02-15,49
2011-02-16,49
2011-02-17,49
2011-02-18,49
2011-02-21,49
2011-02-22,49
2011-02-23,49
2011-02-24,49
2011-02-25,49
2011-02-28,49
2011-03-01,49
2011-03-02,49
2011-03-03,49
2011-03-04,49
2011-03-07,49
2011-03-08,49
2011-03-09,49
2011-03-10,49
2011-03-11,49
2011-03-14,49
2011-03-15,49
2011-03-16,49
2011-03-17,49
2011-03-18,49
2011-03-21,49
2011-03-22,49
2011-03-23,49
2011-03-24,49
2011-03-25,49
2011-03-28,49
2011-03-29,49
2011-03-30,49
2011-03-31,49
2011-04-01,49
2011-04-04,49
2011-04-06,49
2011-04-07,49
2011-04-08,49
2011-04-11,49
2011-04-12,49
2011-04-13,49
2011-04-14,49
2011-04-15,49
2011-04-18,49
2011-04-19,49
2011-04-20,49
2011-04-21,49
2011-04-26,49
2011-04-27,49
2011-04-28,49
2011-04-29,49
2011-05-03,49
2011-05-04,49
2011-05-05,49
2011-05-06,49
2011-05-09,49
2011-05-11,49
2011-05-12,49
2011-05-13,49
2011-05-16,49
2011-05-17,49
2011-05-18,49
2011-05-19,49
2011-05-20,49
2011-05-23,49
2011-05-24,49
2011-05-25,49
2011-05-26,49
2011-05-27,49
2011-05-30,49
2011-05-31,49
2011-06-01,49
2011-06-02,49
2011-06-03,49
2011-06-07,49
2011-06-08,49
2011-06-09,49
2011-06-10,49
2011-06-13,49
2011-06-14,49
2011-06-15,49
2011-06-16,49
2011-06-17,49
2011-06-20,49
2011-06-21,49
2011-06-22,49
2011-06-23,49
2011-06-24,49
2011-06-27,49
2011-06-28,49
2011-06-29,49
2011-06-30,49
2011-07-04,49
2011-07-05,49
2011-07-06,49
2011-07-07,49
2011-07-08,49
2011-07-11,49
2011-07-12,49
2011-07-13,49
2011-07-14,49
2011-07-15,49
2011-07-18,49
2011-07-19,49
2011-07-20,49
2011-07-21,49
2011-07-22,49
2011-07-25,49
2011-07-26,49
2011-07-27,49
2011-07-28,49
2011-07-29,49
2011-08-01,49
2011-08-02,49
2011-08-03,49
2011-08-04,49
2011-08-05,49
2011-08-08,49
2011-08-09,49
2011-08-10,49
2011-08-11,49
2011-08-12,49
2011-08-15,49
2011-08-16,49
2011-08-17,49
2011-08-18,49
2011-08-19,49
2011-08-22,49
2011-08-23,49
2011-08-24,49
2011-08-25,49
2011-08-26,49
2011-08-29,49
2011-08-30,49
2011-08-31,49
2011-09-01,49
2011-09-02,49
2011-09-05,49
2011-09-06,49
2011-09-07,49
2011-09-08,49
2011-09-09,49
2011-09-12,49
2011-09-14,49
2011-09-15,49
2011-09-16,49
2011-09-19,49
2011-09-20,49
2011-09-21,49
2011-09-22,49
2011-09-23,49
2011-09-26,49
2011-09-27,49
2011-09-28,49
2011-09-30,49
2011-10-03,49
2011-10-04,49
2011-10-06,49
2011-10-07,49
2011-10-10,49
2011-10-11,49
2011-10-12,49
2011-10-13,49
2011-10-14,49
2011-10-17,49
2011-10-18,49
2011-10-19,49
2011-10-20,49
2011-10-21,49
2011-10-24,49
2011-10-25,49
2011-10-26,49
2011-10-27,49
2011-10-28,49
2011-10-31,49
2011-11-01,49
2011-11-02,49
2011-11-03,49
2011-11-04,49
2011-11-07,49
2011-11-08,49
2011-11-09,49
2011-11-10,49
2011-11-11,49
2011-11-14,49
2011-11-15,49
2011-11-16,49
2011-11-17,49
2011-11-18,49
2011-11-21,49
2011-11-22,49
2011-11-23,49
2011-11-24,49
2011-11-25,49
2011-11-28,49
2011-11-29,49
2011-11-30,49
2011-12-01,49
2011-12-02,49
2011-12-05,49
2011-12-06,49
2011-12-07,49
2011-12-08,49
2011-12-09,49
2011-12-12,49
2011-12-13,49
2011-12-14,49
2011-12-15,49
2011-12-16,49
2011-12-19,49
2011-12-20,49
2011-12-21,49
2011-12-22,49
2011-12-23,49
2011-12-28,49
2011-12-29,49
2011-12-30,49
2012-01-03,49
2012-01-04,49
2012-01-05,49
2012-01-06,49
2012-01-09,49
2012-01-10,49
2012-01-11,49
2012-01-12,49
2012-01-13,49
2012-01-16,49
2012-01-17,49
2012-01-18,49
2012-01-19,49
2012-01-20,49
2012-01-26,49
2012-01-27,49
2012-01-30,49
2012-01-31,49
2012-02-01,49
2012-02-02,49
2012-02-03,49
2012-02-06,49
2012-02-07,49
2012-02-08,49
2012-02-09,49
2012-02-10,49
2012-02-13,49
2012-02-14,49
2012-02-15,49
2012-02-16,49
2012-02-17,49
2012-02-20,49
2012-02-21,49
2012-02-22,49
2012-02-23,49
2012-02-24,49
2012-02-27,49
2012-02-28,49
2012-02-29,49
2012-03-01,49
2012-03-02,49
2012-03-05,49
2012-03-06,49
2012-03-07,49
2012-03-08,49
2012-03-09,49
2012-03-12,49
2012-03-13,49
2012-03-14,49
2012-03-15,49
2012-03-16,49
2012-03-20,49
2012-03-21,49
2012-03-22,49
2012-03-23,49
2012-03-26,49
2012-03-27,49
2012-03-28,49
2012-03-29,49
2012-03-30,49
2012-04-02,49
2012-04-03,49
2012-04-05,49
2012-04-10,49
2012-04-11,49
2012-04-12,49
2012-04-13,49
2012-04-16,49
2012-04-17,49
2012-04-18,49
2012-04-19,49
2012-04-20,49
2012-04-23,49
2012-04-24,49
2012-04-25,49
2012-04-26,49
2012-04-27,49
2012-04-30,49
2012-05-02,49
2012-05-03,49
2012-05-04,49
2012-05-07,49
2012-05-08,49
2012-05-09,49
2012-05-10,49
2012-05-11,49
2012-05-14,49
2012-05-15,49
2012-05-16,49
2012-05-17,49
2012-05-18,49
2012-05-21,49
2012-05-22,49
2012-05-23,49
2012-05-24,49
2012-05-25,49
2012-05-28,49
2012-05-29,49
2012-05-30,49
2012-05-31,49
2012-06-01,49
2012-06-04,49
2012-06-05,49
2012-06-06,49
2012-06-07,49
2012-06-08,49
2012-06-11,49
2012-06-12,49
2012-06-13,49
2012-06-14,49
2012-06-15,49
2012-06-18,49
2012-06-19,49
2012-06-20,49
2012-06-21,49
2012-06-22,49
2012-06-25,49
2012-06-26,49
2012-06-27,49
2012-06-28,49
2012-06-29,49
2012-07-03,49
2012-07-04,49
2012-07-05,49
2012-07-06,49
2012-07-09,49
2012-07-10,49
2012-07-11,49
2012-07-12,49
2012-07-13,49
2012-07-16,49
2012-07-17,49
2012-07-18,49
2012-07-19,49
2012-07-20,49
2012-07-23,49
2012-07-24,49
2012-07-25,49
2012-07-26,49
2012-07-27,49
2012-07-30,49
2012-07-31,49
2012-08-01,49
2012-08-02,49
2012-08-03,49
2012-08-06,49
2012-08-07,49
2012-08-08,49
2012-08-09,49
2012-08-10,49
2012-08-13,49
2012-08-14,49
2012-08-15,49
2012-08-16,49
2012-08-17,49
2012-08-20,49
2012-08-21,49
2012-08-22,49
2012-08-23,49
2012-08-24,49
2012-08-27,49
2012-08-28,49
2012-08-29,49
2012-08-30,49
2012-08-31,49
2012-09-03,49
2012-09-04,49
2012-09-05,49
2012-09-06,49
2012-09-07,49
2012-09-10,49
2012-09-11,49
2012-09-12,49
2012-09-13,49
2012-09-14,49
2012-09-17,49
2012-09-18,49
2012-09-19,49
2012-09-20,49
2012-09-21,49
2012-09-24,49
2012-09-25,49
2012-09-26,49
2012-09-27,49
2012-09-28,49
2012-10-03,49
2012-10-04,49
2012-10-05,49
2012-10-08,49
2012-10-09,49
2012-10-10,49
2012-10-11,49
2012-10-12,49
2012-10-15,49
2012-10-16,49
2012-10-17,49
2012-10-18,49
2012-10-19,49
2012-10-22,49
2012-10-24,49
2012-10-25,49
2012-10-26,49
2012-10-29,49
2012-10-30,49
2012-10-31,49
2012-11-01,49
2012-11-02,49
2012-11-05,49
2012-11-06,49
2012-11-07,49
2012-11-08,49
2012-11-09,49
2012-11-12,49
2012-11-13,49
2012-11-14,49
2012-11-15,49
2012-11-16,49
2012-11-19,49
2012-11-20,49
2012-11-21,49
2012-11-22,49
2012-11-23,49
2012-11-26,49
2012-11-27,49
2012-11-28,49
2012-11-29,49
2012-11-30,49
2012-12-03,49
2012-12-04,49
2012-12-05,49
2012-12-06,49
2012-12-07,49
2012-12-10,49
2012-12-11,49
2012-12-12,49
2012-12-13,49
2012-12-14,49
2012-12-17,49
2012-12-18,49
2012-12-19,49
2012-12-20,49
2012-12-21,49
2012-12-27,49
2012-12-28,49
2013-01-02,49
2013-01-03,49
2013-01-04,49
2013-01-07,49
2013-01-08,49
2013-01-09,49
2013-01-10,49
2013-01-11,49
2013-01-14,49
2013-01-15,49
2013-01-16,49
2013-01-17,49
2013-01-18,49
2013-01-21,49
2013-01-22,49
2013-01-23,49
2013-01-24,49
2013-01-25,49
2013-01-28,49
2013-01-29,49
2013-01-30,49
2013-01-31,49
2013-02-01,49
2013-02-04,49
2013-02-05,49
2013-02-06,49
2013-02-07,49
2013-02-08,49
2013-02-14,49
2013-02-15,49
2013-02-18,49
2013-02-19,49
2013-02-20,49
2013-02-21,49
2013-02-22,49
2013-02-25,49
2013-02-26,49
2013-02-27,49
2013-02-28,49
2013-03-01,49
2013-03-04,49
2013-03-05,49
2013-03-06,49
2013-03-07,49
2013-03-08,49
2013-03-11,49
2013-03-12,49
2013-03-13,49
2013-03-14,49
2013-03-15,49
2013-03-18,49
2013-03-19,49
2013-03-20,49
2013-03-21,49
2013-03-22,49
2013-03-25,49
2013-03-26,49
2013-03-27,49
2013-03-28,49
2013-04-02,49
2013-04-03,49
2013-04-05,49
2013-04-08,49
2013-04-09,49
2013-04-10,49
2013-04-11,49
2013-04-12,49
2013-04-15,49
2013-04-16,49
2013-04-17,49
2013-04-18,49
2013-04-19,49
2013-04-22,49
2013-04-23,49
2013-04-24,49
2013-04-25,49
2013-04-26,49
2013-04-29,49
2013-04-30,49
2013-05-02,49
2013-05-03,49
2013-05-06,49
2013-05-07,49
2013-05-08,49
2013-05-09,49
2013-05-10,49
2013-05-13,49
2013-05-14,49
2013-05-15,49
2013-05-16,49
2013-05-20,49
2013-05-21,49
2013-05-22,49
2013-05-23,49
2013-05-24,49
2013-05-27,49
2013-05-28,49
2013-05-29,49
2013-05-30,49
2013-05-31,49
2013-06-03,49
2013-06-04,49
2013-06-05,49
2013-06-06,49
2013-06-07,49
2013-06-10,49
2013-06-11,49
2013-06-13,49
2013-06-14,49
2013-06-17,49
2013-06-18,49
2013-06-19,49
2013-06-20,49
2013-06-21,49
2013-06-24,49
2013-06-25,49
2013-06-26,49
2013-06-27,49
2013-06-28,49
2013-07-02,49
2013-07-03,49
2013-07-04,49
2013-07-05,49
2013-07-08,49
2013-07-09,49
2013-07-10,49
2013-07-11,49
2013-07-12,49
2013-07-15,49
2013-07-16,49
2013-07-17,49
2013-07-18,49
2013-07-19,49
2013-07-22,49
2013-07-23,49
2013-07-24,49
2013-07-25,49
2013-07-26,49
2013-07-29,49
2013-07-30,49
2013-07-31,49
2013-08-01,49
2013-08-02,49
2013-08-05,49
2013-08-06,49
2013-08-07,49
2013-08-08,49
2013-08-09,49
2013-08-12,49
2013-08-13,49
2013-08-15,49
2013-08-16,49
2013-08-19,49
2013-08-20,49
2013-08-21,49
2013-08-22,49
2013-08-23,49
2013-08-26,49
2013-08-27,49
2013-08-28,49
2013-08-29,49
2013-08-30,49
2013-09-02,49
2013-09-03,49
2013-09-04,49
2013-09-05,49
2013-09-06,49
2013-09-09,49
2013-09-10,49
2013-09-11,49
2013-09-12,49
2013-09-13,49
2013-09-16,49
2013-09-17,49
2013-09-18,49
2013-09-19,49
2013-09-23,49
2013-09-24,49
2013-09-25,49
2013-09-26,49
2013-09-27,49
2013-09-30,49
2013-10-02,49
2013-10-03,49
2013-10-04,49
2013-10-07,49
2013-10-08,49
2013-10-09,49
2013-10-10,49
2013-10-11,49
2013-10-15,49
2013-10-16,49
2013-10-17,49
2013-10-18,49
2013-10-21,49
2013-10-22,49
2013-10-23,49
2013-10-24,49
2013-10-25,49
2013-10-28,49
2013-10-29,49
2013-10-30,49
2013-10-31,49
2013-11-01,49
2013-11-04,49
2013-11-05,49
2013-11-06,49
2013-11-07,49
2013-11-08,49
2013-11-11,49
2013-11-12,49
2013-11-13,49
2013-11-14,49
2013-11-15,49
2013-11-18,49
2013-11-19,49
2013-11-20,49
2013-11-21,49
2013-11-22,49
2013-11-25,49
2013-11-26,49
2013-11-27,49
2013-11-28,49
2013-11-29,49
2013-12-02,49
2013-12-03,49
2013-12-04,49
2013-12-05,49
2013-12-06,49
2013-12-09,49
2013-12-10,49
2013-12-11,49
2013-12-12,49
2013-12-13,49
2013-12-16,49
2013-12-17,49
2013-12-18,49
2013-12-19,49
2013-12-20,49
2013-12-23,49
2013-12-24,49
2013-12-27,49
2013-12-30,49
2013-12-31,49
2014-01-02,49
2014-01-03,49
2014-01-06,49
2014-01-07,49
2014-01-08,49
2014-01-09,49
2014-01-10,49
2014-01-13,49
2014-01-14,49
2014-01-15,49
2014-01-16,49
2014-01-17,49
2014-01-20,49
2014-01-21,49
2014-01-22,49
2014-01-23,49
2014-01-24,49
2014-01-27,49
2014-01-28,50
2014-01-29,50
2014-01-30,50
2014-02-04,50
2014-02-05,50
2014-02-06,50
2014-02-07,50
2014-02-10,50
2014-02-11,50
2014-02-12,50
2014-02-13,50
2014-02-14,50
2014-02-17,50
2014-02-18,50
2014-02-19,50
2014-02-20,50
2014-02-21,50
2014-02-24,50
2014-02-25,50
2014-02-26,50
2014-02-27,50
2014-02-28,50
2014-03-03,50
2014-03-04,50
2014-03-05,50
2014-03-06,50
2014-03-07,50
2014-03-10,50
2014-03-11,50
2014-03-12,50
2014-03-13,50
2014-03-14,50
2014-03-17,50
2014-03-18,50
2014-03-19,50
2014-03-20,50
2014-03-21,50
2014-03-24,50
2014-03-25,50
2014-03-26,50
2014-03-27,50
2014-03-28,50
2014-03-31,50
2014-04-01,50
2014-04-02,50
2014-04-03,50
2014-04-04,50
2014-04-07,50
2014-04-08,50
2014-04-09,50
2014-04-10,50
2014-04-11,50
2014-04-14,50
2014-04-15,50
2014-04-16,50
2014-04-17,50
2014-04-22,50
2014-04-23,50
2014-04-24,50
2014-04-25,50
2014-04-28,50
2014-04-29,50
2014-04-30,50
2014-05-02,50
2014-05-05,50
2014-05-07,50
2014-05-08,50
2014-05-09,50
2014-05-12,50
2014-05-13,50
2014-05-14,50
2014-05-15,50
2014-05-16,50
2014-05-19,50
2014-05-20,50
2014-05-21,50
2014-05-22,50
2014-05-23,50
2014-05-26,50
2014-05-27,50
2014-05-28,50
2014-05-29,50
2014-05-30,50
2014-06-03,50
2014-06-04,50
2014-06-05,50
2014-06-06,50
2014-06-09,50
2014-06-10,50
2014-06-11,50
2014-06-12,50
2014-06-13,50
2014-06-16,50
2014-06-17,50
2014-06-18,50
2014-06-19,50
2014-06-20,50
2014-06-23,50
2014-06-24,50
2014-06-25,50
2014-06-26,50
2014-06-27,50
2014-06-30,50
2014-07-02,50
2014-07-03,50
2014-07-04,50
2014-07-07,50
2014-07-08,50
2014-07-09,50
2014-07-10,50
2014-07-11,50
2014-07-14,50
2014-07-15,50
2014-07-16,50
2014-07-17,50
2014-07-18,50
2014-07-21,50
2014-07-22,50
2014-07-23,50
2014-07-24,50
2014-07-25,50
2014-07-28,50
2014-07-29,50
2014-07-30,50
2014-07-31,50
2014-08-01,50
2014-08-04,50
2014-08-05,50
2014-08-06,50
2014-08-07,50
2014-08-08,50
2014-08-11,50
2014-08-12,50
2014-08-13,50
2014-08-14,50
2014-08-15,50
2014-08-18,50
2014-08-19,50
2014-08-20,50
2014-08-21,50
2014-08-22,50
2014-08-25,50
2014-08-26,50
2014-08-27,50
2014-08-28,50
2014-08-29,50
2014-09-01,50
2014-09-02,50
2014-09-03,50
2014-09-04,50
2014-09-05,50
2014-09-08,50
2014-09-10,50
2014-09-11,50
2014-09-12,50
2014-09-15,50
2014-09-16,50
2014-09-17,51
2014-09-18,51
2014-09-19,51
2014-09-22,51
2014-09-23,51
2014-09-24,51
2014-09-25,51
2014-09-26,51
2014-09-29,51
2014-09-30,51
2014-10-03,51
2014-10-06,51
2014-10-07,51
2014-10-08,51
2014-10-09,51
2014-10-10,51
2014-10-13,51
2014-10-14,51
2014-10-15,51
2014-10-16,51
2014-10-17,51
2014-10-20,51
2014-10-21,51
2014-10-22,51
2014-10-23,51
2014-10-24,51
2014-10-27,51
2014-10-28,51
2014-10-29,51
2014-10-30,51
2014-10-31,51
2014-11-03,51
2014-11-04,51
2014-11-05,51
2014-11-06,51
2014-11-07,51
2014-11-10,51
2014-11-11,51
2014-11-12,51
2014-11-13,51
2014-11-14,51
2014-11-17,51
2014-11-18,51
2014-11-19,51
2014-11-20,51
2014-11-21,51
2014-11-24,51
2014-11-25,51
2014-11-26,51
2014-11-27,51
2014-11-28,51
2014-12-01,51
2014-12-02,51
2014-12-03,51
2014-12-04,51
2014-12-05,51
2014-12-08,51
2014-12-09,51
2014-12-10,51
2014-12-11,51
2014-12-12,51
2014-12-15,51
2014-12-16,51
2014-12-17,51
2014-12-18,51
2014-12-19,51
2014-12-22,51
2014-12-23,51
2014-12-24,51
2014-12-29,51
2014-12-30,51
2014-12-31,51
2015-01-02,51
2015-01-05,51
2015-01-06,51
2015-01-07,51
2015-01-08,51
2015-01-09,51
2015-01-12,51
2015-01-13,51
2015-01-14,51
2015-01-15,51
2015-01-16,51
2015-01-19,51
2015-01-20,51
2015-01-21,51
2015-01-22,51
2015-01-23,51
2015-01-26,51
2015-01-27,51
2015-01-28,51
2015-01-29,51
2015-01-30,51
2015-02-02,51
2015-02-03,51
2015-02-04,51
2015-02-05,51
2015-02-06,51
2015-02-09,51
2015-02-10,51
2015-02-11,51
2015-02-12,51
2015-02-13,51
2015-02-16,51
2015-02-17,51
2015-02-18,51
2015-02-23,51
2015-02-24,51
2015-02-25,51
2015-02-26,51
2015-02-27,51
2015-03-02,51
2015-03-03,51
2015-03-04,51
2015-03-05,51
2015-03-06,51
2015-03-09,51
2015-03-10,51
2015-03-11,51
2015-03-12,51
2015-03-13,51
2015-03-16,51
2015-03-17,51
2015-03-18,51
2015-03-19,51
2015-03-20,51
2015-03-23,51
2015-03-24,51
2015-03-25,51
2015-03-26,51
2015-03-27,51
2015-03-30,51
2015-03-31,51
2015-04-01,51
2015-04-02,51
2015-04-08,51
2015-04-09,51
2015-04-10,51
2015-04-13,51
2015-04-14,51
2015-04-15,51
2015-04-16,51
2015-04-17,51
2015-04-20,51
2015-04-21,51
2015-04-22,51
2015-04-23,51
2015-04-24,51
2015-04-27,51
2015-04-28,51
2015-04-29,51
2015-04-30,51
2015-05-04,51
2015-05-05,51
2015-05-06,51
2015-05-07,51
2015-05-08,51
2015-05-11,51
2015-05-12,51
2015-05-13,51
2015-05-14,51
2015-05-15,51
2015-05-18,51
2015-05-19,51
2015-05-20,51
2015-05-21,51
2015-05-22,51
2015-05-26,51
2015-05-27,51
2015-05-28,51
2015-05-29,51
2015-06-01,51
2015-06-02,51
2015-06-03,51
2015-06-04,51
2015-06-05,51
2015-06-08,51
2015-06-09,51
2015-06-10,51
2015-06-11,51
2015-06-12,51
2015-06-15,51
2015-06-16,51
2015-06-17,51
2015-06-18,51
2015-06-19,51
2015-06-22,51
2015-06-23,51
2015-06-24,51
2015-06-25,51
2015-06-26,51
2015-06-29,51
2015-06-30,51
2015-07-02,51
2015-07-03,51
2015-07-06,51
2015-07-07,51
2015-07-08,51
2015-07-09,51
2015-07-10,51
2015-07-13,51
2015-07-14,51
2015-07-15,51
2015-07-16,52
2015-07-17,52
2015-07-20,52
2015-07-21,52
2015-07-22,52
2015-07-23,52
2015-07-24,52
2015-07-27,52
2015-07-28,52
2015-07-29,52
2015-07-30,52
2015-07-31,52
2015-08-03,52
2015-08-04,52
2015-08-05,52
2015-08-06,52
2015-08-07,52
2015-08-10,52
2015-08-11,52
2015-08-12,52
2015-08-13,52
2015-08-14,52
2015-08-17,52
2015-08-18,52
2015-08-19,52
2015-08-20,52
2015-08-21,52
2015-08-24,52
2015-08-25,52
2015-08-26,52
2015-08-27,52
2015-08-28,52
2015-08-31,52
2015-09-01,52
2015-09-02,52
2015-09-04,52
2015-09-07,52
2015-09-08,52
2015-09-09,52
2015-09-10,52
2015-09-11,52
2015-09-14,52
2015-09-15,52
2015-09-16,52
2015-09-17,52
2015-09-18,52
2015-09-21,52
2015-09-22,52
2015-09-23,52
2015-09-24,52
2015-09-25,52
2015-09-29,52
2015-09-30,52
2015-10-02,52
2015-10-05,52
2015-10-06,52
2015-10-07,52
2015-10-08,52
2015-10-09,52
2015-10-12,52
2015-10-13,52
2015-10-14,52
2015-10-15,52
2015-10-16,52
2015-10-19,52
2015-10-20,52
2015-10-22,52
2015-10-23,52
2015-10-26,52
2015-10-27,52
2015-10-28,52
2015-10-29,52
2015-10-30,52
2015-11-02,52
2015-11-03,52
2015-11-04,52
2015-11-05,52
2015-11-06,52
2015-11-09,52
2015-11-10,52
2015-11-11,52
2015-11-12,52
2015-11-13,52
2015-11-16,52
2015-11-17,52
2015-11-18,52
2015-11-19,52
2015-11-20,52
2015-11-23,52
2015-11-24,52
2015-11-25,52
2015-11-26,52
2015-11-27,52
2015-11-30,52
2015-12-01,52
2015-12-02,52
2015-12-03,52
2015-12-04,52
2015-12-07,52
2015-12-08,52
2015-12-09,52
2015-12-10,52
2015-12-11,52
2015-12-14,52
2015-12-15,52
2015-12-16,52
2015-12-17,52
2015-12-18,52
2015-12-21,52
2015-12-22,52
2015-12-23,52
2015-12-24,52
2015-12-28,52
2015-12-29,52
2015-12-30,52
2015-12-31,52
2016-01-04,52
2016-01-05,52
2016-01-06,52
2016-01-07,52
2016-01-08,52
2016-01-11,52
2016-01-12,52
2016-01-13,52
2016-01-14,52
2016-01-15,52
2016-01-18,52
2016-01-19,52
2016-01-20,52
2016-01-21,52
2016-01-22,52
2016-01-25,52
2016-01-26,52
2016-01-27,52
2016-01-28,52
2016-01-29,52
2016-02-01,52
2016-02-02,52
2016-02-03,52
2016-02-04,52
2016-02-05,52
2016-02-11,52
2016-02-12,52
2016-02-15,52
2016-02-16,52
2016-02-17,52
2016-02-18,52
2016-02-19,52
2016-02-22,52
2016-02-23,52
2016-02-24,52
2016-02-25,52
2016-02-26,52
2016-02-29,52
2016-03-01,52
2016-03-02,52
2016-03-03,52
2016-03-04,52
2016-03-07,52
2016-03-08,52
2016-03-09,52
2016-03-10,52
2016-03-11,52
2016-03-14,52
2016-03-15,52
2016-03-16,52
2016-03-17,52
2016-03-18,52
2016-03-21,52
2016-03-22,52
2016-03-23,52
2016-03-24,52
2016-03-29,52
2016-03-30,52
2016-03-31,52
2016-04-01,52
2016-04-05,52
2016-04-06,52
2016-04-07,52
2016-04-08,52
2016-04-11,52
2016-04-12,52
2016-04-13,52
2016-04-14,52
2016-04-15,52
2016-04-18,52
2016-04-19,52
2016-04-20,52
2016-04-21,52
2016-04-22,52
2016-04-25,52
2016-04-26,52
2016-04-27,52
2016-04-28,52
2016-04-29,52
2016-05-03,52
2016-05-04,52
2016-05-05,52
2016-05-06,52
2016-05-09,52
2016-05-10,52
2016-05-11,52
2016-05-12,52
2016-05-13,52
2016-05-16,52
2016-05-17,52
2016-05-18,52
2016-05-19,52
2016-05-20,52
2016-05-23,52
2016-05-24,52
2016-05-25,52
2016-05-26,52
2016-05-27,52
2016-05-30,52
2016-05-31,52
2016-06-01,52
2016-06-02,52
2016-06-03,52
2016-06-06,52
2016-06-07,52
2016-06-08,52
2016-06-10,52
2016-06-13,52
2016-06-14,52
2016-06-15,52
2016-06-16,52
2016-06-17,52
2016-06-20,52
2016-06-21,52
2016-06-22,52
2016-06-23,52
2016-06-24,52
2016-06-27,52
2016-06-28,52
2016-06-29,52
2016-06-30,52
2016-07-04,52
2016-07-05,52
2016-07-06,52
2016-07-07,52
2016-07-08,52
2016-07-11,52
2016-07-12,52
2016-07-13,52
2016-07-14,52
2016-07-15,52
2016-07-18,52
2016-07-19,52
2016-07-20,52
2016-07-21,52
2016-07-22,52
2016-07-25,52
2016-07-26,52
2016-07-27,52
2016-07-28,52
2016-07-29,52
2016-08-01,52
2016-08-03,52
2016-08-04,52
2016-08-05,52
2016-08-08,52
2016-08-09,52
2016-08-10,52
2016-08-11,52
2016-08-12,52
2016-08-15,52
2016-08-16,52
2016-08-17,52
2016-08-18,52
2016-08-19,52
2016-08-22,52
2016-08-23,52
2016-08-24,52
2016-08-25,52
2016-08-26,52
2016-08-29,52
2016-08-30,52
2016-08-31,52
2016-09-01,52
2016-09-02,52
2016-09-05,52
2016-09-06,52
2016-09-07,52
2016-09-08,52
2016-09-09,52
2016-09-12,52
2016-09-13,52
2016-09-14,52
2016-09-15,52
2016-09-19,52
2016-09-20,52
2016-09-21,52
2016-09-22,52
2016-09-23,52
2016-09-26,52
2016-09-27,52
2016-09-28,52
2016-09-29,52
2016-09-30,52
2016-10-03,52
2016-10-04,52
2016-10-05,52
2016-10-06,52
2016-10-07,52
2016-10-11,52
2016-10-12,52
2016-10-13,52
2016-10-14,52
2016-10-17,52
2016-10-18,52
2016-10-19,52
2016-10-20,52
2016-10-24,52
2016-10-25,52
2016-10-26,52
2016-10-27,52
2016-10-28,52
2016-10-31,52
2016-11-01,52
2016-11-02,52
2016-11-03,52
2016-11-04,52
2016-11-07,52
2016-11-08,52
2016-11-09,52
2016-11-10,52
2016-11-11,52
2016-11-14,52
2016-11-15,52
2016-11-16,52
2016-11-17,52
2016-11-18,52
2016-11-21,52
2016-11-22,52
2016-11-23,52
2016-11-24,52
2016-11-25,52
2016-11-28,52
2016-11-29,52
2016-11-30,52
2016-12-01,52
2016-12-02,52
2016-12-05,52
2016-12-06,52
2016-12-07,52
2016-12-08,52
2016-12-09,52
2016-12-12,52
2016-12-13,52
2016-12-14,52
2016-12-15,52
2016-12-16,52
2016-12-19,52
2016-12-20,52
2016-12-21,52
2016-12-22,52
2016-12-23,52
2016-12-28,52
2016-12-29,52
2016-12-30,52
2017-01-03,52
2017-01-04,52
2017-01-05,52
2017-01-06,52
2017-01-09,52
2017-01-10,52
2017-01-11,52
2017-01-12,52
2017-01-13,52
2017-01-16,52
2017-01-17,52
2017-01-18,52
2017-01-19,52
2017-01-20,52
2017-01-23,52
2017-01-24,52
2017-01-25,52
2017-01-26,52
2017-01-27,52
2017-02-01,52
2017-02-02,52
2017-02-03,52
2017-02-06,52
2017-02-07,52
2017-02-08,52
2017-02-09,52
2017-02-10,52
2017-02-13,52
2017-02-14,52
2017-02-15,52
2017-02-16,52
2017-02-17,52
2017-02-20,52
2017-02-21,52
2017-02-22,52
2017-02-23,52
2017-02-24,52
2017-02-27,52
2017-02-28,52
2017-03-01,52
2017-03-02,52
2017-03-03,52
2017-03-06,52
2017-03-07,52
2017-03-08,52
2017-03-09,52
2017-03-10,52
2017-03-13,52
2017-03-14,52
2017-03-15,52
2017-03-16,52
2017-03-17,52
2017-03-20,52
2017-03-21,52
2017-03-22,52
2017-03-23,52
2017-03-24,52
2017-03-27,52
2017-03-28,52
2017-03-29,52
2017-03-30,52
2017-03-31,52
2017-04-03,52
2017-04-05,52
2017-04-06,52
2017-04-07,52
2017-04-10,52
2017-04-11,52
2017-04-12,52
2017-04-13,52
2017-04-18,52
2017-04-19,52
2017-04-20,52
2017-04-21,52
2017-04-24,52
2017-04-25,52
2017-04-26,52
2017-04-27,52
2017-04-28,52
2017-05-02,52
2017-05-04,52
2017-05-05,52
2017-05-08,52
2017-05-09,52
2017-05-10,52
2017-05-11,52
2017-05-12,52
2017-05-15,52
2017-05-16,52
2017-05-17,52
2017-05-18,52
2017-05-19,52
2017-05-22,52
2017-05-23,52
2017-05-24,52
2017-05-25,52
2017-05-26,52
2017-05-29,52
2017-05-31,52
2017-06-01,52
2017-06-02,52
2017-06-05,52
2017-06-06,52
2017-06-07,52
2017-06-08,52
2017-06-09,52
2017-06-12,52
2017-06-13,52
2017-06-14,52
2017-06-15,52
2017-06-16,52
2017-06-19,52
2017-06-20,52
2017-06-21,52
2017-06-22,52
2017-06-23,52
2017-06-26,52
2017-06-27,52
2017-06-28,52
2017-06-29,52
2017-06-30,52
2017-07-03,52
2017-07-04,52
2017-07-05,52
2017-07-06,52
2017-07-07,52
2017-07-10,52
2017-07-11,52
2017-07-12,52
2017-07-13,52
2017-07-14,52
2017-07-17,52
2017-07-18,52
2017-07-19,52
2017-07-20,52
2017-07-21,52
2017-07-24,52
2017-07-25,53
2017-07-26,53
2017-07-27,53
2017-07-28,53
2017-07-31,53
2017-08-01,53
2017-08-02,53
2017-08-03,53
2017-08-04,53
2017-08-07,53
2017-08-08,53
2017-08-09,53
2017-08-10,53
2017-08-11,53
2017-08-14,53
2017-08-15,53
2017-08-16,53
2017-08-17,53
2017-08-18,53
2017-08-21,53
2017-08-22,53
2017-08-24,53
2017-08-25,53
2017-08-28,53
2017-08-29,53
2017-08-30,53
2017-08-31,53
2017-09-01,53
2017-09-04,53
2017-09-05,53
2017-09-06,53
2017-09-07,53
2017-09-08,53
2017-09-11,53
2017-09-12,53
2017-09-13,53
2017-09-14,53
2017-09-15,53
2017-09-18,53
2017-09-19,53
2017-09-20,53
2017-09-21,53
2017-09-22,53
2017-09-25,53
2017-09-26,53
2017-09-27,53
2017-09-28,53
2017-09-29,53
2017-10-03,53
2017-10-04,53
2017-10-06,53
2017-10-09,53
2017-10-10,53
2017-10-11,53
2017-10-12,53
2017-10-13,53
2017-10-16,53
2017-10-17,53
2017-10-18,53
2017-10-19,53
2017-10-20,53
2017-10-23,53
2017-10-24,53
2017-10-25,53
2017-10-26,53
2017-10-27,53
2017-10-30,53
2017-10-31,53
2017-11-01,53
2017-11-02,53
2017-11-03,53
2017-11-06,53
2017-11-07,53
2017-11-08,53
2017-11-09,53
2017-11-10,53
2017-11-13,53
2017-11-14,53
2017-11-15,53
2017-11-16,53
2017-11-17,53
2017-11-20,53
2017-11-21,53
2017-11-22,53
2017-11-23,53
2017-11-24,53
2017-11-27,53
2017-11-28,53
2017-11-29,53
2017-11-30,53
2017-12-01,53
2017-12-04,53
2017-12-05,53
2017-12-06,53
2017-12-07,53
2017-12-08,53
2017-12-11,53
2017-12-12,53
2017-12-13,53
2017-12-14,53
2017-12-15,53
2017-12-18,53
2017-12-19,53
2017-12-20,53
2017-12-21,53
2017-12-22,53
2017-12-27,53
2017-12-28,53
2017-12-29,54
2018-01-02,54
2018-01-03,54
2018-01-04,54
2018-01-05,54
2018-01-08,54
2018-01-09,54
2018-01-10,54
2018-01-11,54
2018-01-12,54
2018-01-15,54
2018-01-16,54
2018-01-17,54
2018-01-18,54
2018-01-19,54
2018-01-22,54
2018-01-23,54
2018-01-24,54
2018-01-25,54
2018-01-26,54
2018-01-29,54
2018-01-30,54
2018-01-31,54
2018-02-01,54
2018-02-02,54
2018-02-05,54
2018-02-06,54
2018-02-07,54
2018-02-08,54
2018-02-09,54
2018-02-12,54
2018-02-13,54
2018-02-14,54
2018-02-15,54
2018-02-20,54
2018-02-21,54
2018-02-22,54
2018-02-23,54
2018-02-26,54
2018-02-27,54
2018-02-28,54
2018-03-01,54
2018-03-02,54
2018-03-05,54
2018-03-06,54
2018-03-07,54
2018-03-08,54
2018-03-09,54
2018-03-12,54
2018-03-13,54
2018-03-14,54
2018-03-15,54
2018-03-16,54
2018-03-19,54
2018-03-20,54
2018-03-21,54
2018-03-22,54
2018-03-23,54
2018-03-26,54
2018-03-27,54
2018-03-28,54
2018-03-29,54
2018-04-03,54
2018-04-04,54
2018-04-06,54
2018-04-09,54
2018-04-10,54
2018-04-11,54
2018-04-12,54
2018-04-13,54
2018-04-16,54
2018-04-17,54
2018-04-18,54
2018-04-19,54
2018-04-20,54
2018-04-23,54
2018-04-24,54
2018-04-25,54
2018-04-26,54
2018-04-27,54
2018-04-30,54
2018-05-02,54
2018-05-03,54
2018-05-04,54
2018-05-07,54
2018-05-08,54
2018-05-09,54
2018-05-10,54
2018-05-11,54
2018-05-14,54
2018-05-15,54
2018-05-16,54
2018-05-17,54
2018-05-18,54
2018-05-21,54
2018-05-23,54
2018-05-24,54
2018-05-25,54
2018-05-28,54
2018-05-29,54
2018-05-30,54
2018-05-31,54
2018-06-01,54
2018-06-04,54
2018-06-05,54
2018-06-06,54
2018-06-07,54
2018-06-08,54
2018-06-11,54
2018-06-12,54
2018-06-13,54
2018-06-14,54
2018-06-15,54
2018-06-19,54
2018-06-20,54
2018-06-21,54
2018-06-22,54
2018-06-25,54
2018-06-26,54
2018-06-27,54
2018-06-28,54
2018-06-29,54
2018-07-03,54
2018-07-04,54
2018-07-05,54
2018-07-06,54
2018-07-09,54
2018-07-10,54
2018-07-11,54
2018-07-12,54
2018-07-13,54
2018-07-16,54
2018-07-17,54
2018-07-18,54
2018-07-19,54
2018-07-20,54
2018-07-23,54
2018-07-24,54
2018-07-25,54
2018-07-26,54
2018-07-27,54
2018-07-30,54
2018-07-31,54
2018-08-01,55
2018-08-02,55
2018-08-03,55
2018-08-06,55
2018-08-07,55
2018-08-08,55
2018-08-09,55
2018-08-10,55
2018-08-13,55
2018-08-14,55
2018-08-15,55
2018-08-16,55
2018-08-17,55
2018-08-20,56
2018-08-21,56
2018-08-22,56
2018-08-23,56
2018-08-24,56
2018-08-27,56
2018-08-28,56
2018-08-29,56
2018-08-30,56
2018-08-31,56
2018-09-03,56
2018-09-04,56
2018-09-05,56
2018-09-06,56
2018-09-07,56
2018-09-10,56
2018-09-11,56
2018-09-12,56
2018-09-13,56
2018-09-14,56
2018-09-17,56
2018-09-18,56
2018-09-19,56
2018-09-20,56
2018-09-21,56
2018-09-24,56
2018-09-26,56
2018-09-27,56
2018-09-28,56
2018-10-02,56
2018-10-03,56
2018-10-04,56
2018-10-05,56
2018-10-08,56
2018-10-09,56
2018-10-10,56
2018-10-11,56
2018-10-12,56
2018-10-15,56
2018-10-16,56
2018-10-18,56
2018-10-19,56
2018-10-22,56
2018-10-23,56
2018-10-24,56
2018-10-25,56
2018-10-26,56
2018-10-29,56
2018-10-30,56
2018-10-31,56
2018-11-01,56
2018-11-02,56
2018-11-05,56
2018-11-06,57
2018-11-07,57
2018-11-08,57
2018-11-09,58
2018-11-12,58
2018-11-13,58
2018-11-14,58
2018-11-15,58
2018-11-16,58
2018-11-19,58
2018-11-20,58
2018-11-21,58
2018-11-22,58
2018-11-23,58
2018-11-26,58
2018-11-27,58
2018-11-28,58
2018-11-29,58
2018-11-30,58
2018-12-03,58
2018-12-04,58
2018-12-05,58
2018-12-06,58
2018-12-07,58
2018-12-10,58
2018-12-11,58
2018-12-12,58
2018-12-13,58
2018-12-14,58
2018-12-17,58
2018-12-18,58
2018-12-19,58
2018-12-20,58
2018-12-21,58
2018-12-24,58
2018-12-27,58
2018-12-28,58
2018-12-31,58
2019-01-02,58
2019-01-03,58
2019-01-04,58
2019-01-07,58
2019-01-08,58
2019-01-09,58
2019-01-10,58
2019-01-11,58
2019-01-14,58
2019-01-15,58
2019-01-16,58
2019-01-17,58
2019-01-18,58
2019-01-21,58
2019-01-22,58
2019-01-23,58
2019-01-24,58
2019-01-25,58
2019-01-28,58
2019-01-29,58
2019-01-30,58
2019-01-31,58
2019-02-01,58
2019-02-04,58
2019-02-08,58
2019-02-11,58
2019-02-12,58
2019-02-13,58
2019-02-14,58
2019-02-15,58
2019-02-18,58
2019-02-19,58
2019-02-20,58
2019-02-21,58
2019-02-22,58
2019-02-25,58
2019-02-26,58
2019-02-27,58
2019-02-28,58
2019-03-01,58
2019-03-04,58
2019-03-05,58
2019-03-06,58
2019-03-07,58
2019-03-08,58
2019-03-11,58
2019-03-12,58
2019-03-13,58
2019-03-14,58
2019-03-15,58
2019-03-18,58
2019-03-19,58
2019-03-20,58
2019-03-21,58
2019-03-22,58
2019-03-25,58
2019-03-26,58
2019-03-27,58
2019-03-28,58
2019-03-29,58
2019-04-01,58
2019-04-02,58
2019-04-03,58
2019-04-04,58
2019-04-08,58
2019-04-09,58
2019-04-10,58
2019-04-11,58
2019-04-12,58
2019-04-15,58
2019-04-16,58
2019-04-17,58
2019-04-18,58
2019-04-23,58
2019-04-24,58
2019-04-25,58
2019-04-26,58
2019-04-29,58
2019-04-30,58
2019-05-02,58
2019-05-03,58
2019-05-06,58
2019-05-07,58
2019-05-08,58
2019-05-09,58
2019-05-10,58
2019-05-14,58
2019-05-15,58
2019-05-16,58
2019-05-17,58
2019-05-20,58
2019-05-21,58
2019-05-22,58
2019-05-23,58
2019-05-24,58
2019-05-27,58
2019-05-28,58
2019-05-29,58
2019-05-30,58
2019-05-31,58
2019-06-03,58
2019-06-04,58
2019-06-05,58
2019-06-06,58
2019-06-10,58
2019-06-11,58
2019-06-12,58
2019-06-13,58
2019-06-14,58
2019-06-17,58
2019-06-18,58
2019-06-19,58
2019-06-20,58
2019-06-21,58
2019-06-24,58
2019-06-25,58
2019-06-26,58
2019-06-27,58
2019-06-28,58
2019-07-02,58
2019-07-03,58
2019-07-04,58
2019-07-05,58
2019-07-08,58
2019-07-09,58
2019-07-10,58
2019-07-11,58
2019-07-12,58
2019-07-15,58
2019-07-16,58
2019-07-17,58
2019-07-18,58
2019-07-19,58
2019-07-22,58
2019-07-23,58
2019-07-24,58
2019-07-25,58
2019-07-26,58
2019-07-29,58
2019-07-30,58
2019-07-31,58
2019-08-01,58
2019-08-02,58
2019-08-05,58
2019-08-06,58
2019-08-07,58
2019-08-08,58
2019-08-09,58
2019-08-12,58
2019-08-13,58
2019-08-14,58
2019-08-15,58
2019-08-16,58
2019-08-19,58
2019-08-20,58
2019-08-21,58
2019-08-22,58
2019-08-23,58
2019-08-26,58
2019-08-27,58
2019-08-28,58
2019-08-29,58
2019-08-30,58
2019-09-02,58
2019-09-03,58
2019-09-04,58
2019-09-05,58
2019-09-06,58
2019-09-09,58
2019-09-10,58
2019-09-11,58
2019-09-12,58
2019-09-13,58
2019-09-16,58
2019-09-17,58
2019-09-18,58
2019-09-19,58
2019-09-20,58
2019-09-23,58
2019-09-24,58
2019-09-25,58
2019-09-26,58
2019-09-27,58
2019-09-30,58
2019-10-02,58
2019-10-03,58
2019-10-04,58
2019-10-08,58
2019-10-09,58
2019-10-10,58
2019-10-11,58
2019-10-14,58
2019-10-15,58
2019-10-16,58
2019-10-17,58
2019-10-18,58
2019-10-21,58
2019-10-22,58
2019-10-23,58
2019-10-24,58
2019-10-25,58
2019-10-28,58
2019-10-29,58
2019-10-30,58
2019-10-31,58
2019-11-01,58
2019-11-04,58
2019-11-05,58
2019-11-06,58
2019-11-07,58
2019-11-08,58
2019-11-11,58
2019-11-12,58
2019-11-13,59
2019-11-14,59
2019-11-15,59
2019-11-18,59
2019-11-19,59
2019-11-20,59
2019-11-21,59
2019-11-22,59
2019-11-25,59
2019-11-26,59
2019-11-27,59
2019-11-28,59
2019-11-29,59
2019-12-02,59
2019-12-03,59
2019-12-04,59
2019-12-05,59
2019-12-06,59
2019-12-09,59
2019-12-10,59
2019-12-11,59
2019-12-12,59
2019-12-13,59
2019-12-16,59
2019-12-17,59
2019-12-18,59
2019-12-19,59
2019-12-20,59
2019-12-23,59
2019-12-24,59
2019-12-27,59
2019-12-30,59
2019-12-31,59
2020-01-02,59
2020-01-03,59
2020-01-06,59
2020-01-07,59
2020-01-08,59
2020-01-09,59
2020-01-10,60
2020-01-13,60
2020-01-14,60
2020-01-15,60
2020-01-16,60
2020-01-17,60
2020-01-20,60
2020-01-21,60
2020-01-22,60
2020-01-23,60
2020-01-24,60
2020-01-29,60
2020-01-30,60
2020-01-31,60
2020-02-03,60
2020-02-04,60
2020-02-05,60
2020-02-06,60
2020-02-07,60
2020-02-10,60
2020-02-11,60
2020-02-12,60
2020-02-13,60
2020-02-14,60
2020-02-17,60
2020-02-18,60
2020-02-19,60
2020-02-20,60
2020-02-21,60
2020-02-24,60
2020-02-25,60
2020-02-26,60
2020-02-27,60
2020-02-28,60
2020-03-02,60
2020-03-03,60
2020-03-04,60
2020-03-05,60
2020-03-06,60
2020-03-09,60
2020-03-10,60
2020-03-11,60
2020-03-12,60
2020-03-13,60
2020-03-16,60
2020-03-17,60
2020-03-18,60
2020-03-19,60
2020-03-20,60
2020-03-23,60
2020-03-24,60
2020-03-25,60
2020-03-26,60
2020-03-27,60
2020-03-30,60
2020-03-31,60
2020-04-01,60
2020-04-02,60
2020-04-03,60
2020-04-06,60
2020-04-07,60
2020-04-08,60
2020-04-09,60
2020-04-14,60
2020-04-15,60
2020-04-16,60
2020-04-17,60
2020-04-20,60
2020-04-21,60
2020-04-22,60
2020-04-23,60
2020-04-24,60
2020-04-27,60
2020-04-28,60
2020-04-29,60
2020-05-04,60
2020-05-05,60
2020-05-06,60
2020-05-07,60
2020-05-08,60
2020-05-11,60
2020-05-12,60
2020-05-13,60
2020-05-14,60
2020-05-15,60
2020-05-18,60
2020-05-19,60
2020-05-20,60
2020-05-21,60
2020-05-22,60
2020-05-25,60
2020-05-26,60
2020-05-27,60
2020-05-28,60
2020-05-29,60
2020-06-01,60
2020-06-02,60
2020-06-03,60
2020-06-04,60
2020-06-05,60
2020-06-08,60
2020-06-09,60
2020-06-10,60
2020-06-11,60
2020-06-12,60
2020-06-15,60
2020-06-16,60
2020-06-17,60
2020-06-18,60
2020-06-19,60
2020-06-22,60
2020-06-23,60
2020-06-24,60
2020-06-26,60
2020-06-29,60
2020-06-30,60
2020-07-02,60
2020-07-03,60
2020-07-06,60
2020-07-07,60
2020-07-08,60
2020-07-09,60
2020-07-10,60
2020-07-13,60
2020-07-14,60
2020-07-15,60
2020-07-16,60
2020-07-17,60
2020-07-20,60
2020-07-21,60
2020-07-22,60
2020-07-23,60
2020-07-24,60
2020-07-27,60
2020-07-28,60
2020-07-29,60
2020-07-30,60
2020-07-31,60
2020-08-03,60
2020-08-04,60
2020-08-05,60
2020-08-06,60
2020-08-07,60
2020-08-10,60
2020-08-11,60
2020-08-12,60
2020-08-13,60
2020-08-14,60
2020-08-17,60
2020-08-18,60
2020-08-19,60
2020-08-20,60
2020-08-21,60
2020-08-24,60
2020-08-25,60
2020-08-26,60
2020-08-27,60
2020-08-28,60
2020-08-31,60
2020-09-01,60
2020-09-02,60
2020-09-03,60
2020-09-04,60
2020-09-07,60
2020-09-08,60
2020-09-09,60
2020-09-10,60
2020-09-11,60
2020-09-14,60
2020-09-15,60
2020-09-16,60
2020-09-17,60
2020-09-18,60
2020-09-21,60
2020-09-22,60
2020-09-23,60
2020-09-24,60
2020-09-25,60
2020-09-28,60
2020-09-29,60
2020-09-30,60
2020-10-05,60
2020-10-06,60
2020-10-07,60
2020-10-08,60
2020-10-09,60
2020-10-12,60
2020-10-14,60
2020-10-15,60
2020-10-16,60
2020-10-19,60
2020-10-20,60
2020-10-21,60
2020-10-22,60
2020-10-23,60
2020-10-27,60
2020-10-28,60
2020-10-29,60
2020-10-30,60
2020-11-02,60
2020-11-03,60
2020-11-04,60
2020-11-05,60
2020-11-06,60
2020-11-09,60
2020-11-10,60
2020-11-11,60
2020-11-12,60
2020-11-13,60
2020-11-16,60
2020-11-17,60
2020-11-18,60
2020-11-19,60
2020-11-20,60
2020-11-23,60
2020-11-24,60
2020-11-25,60
2020-11-26,60
2020-11-27,60
2020-11-30,60
2020-12-01,60
2020-12-02,60
2020-12-03,60
2020-12-04,60
2020-12-07,60
2020-12-08,60
2020-12-09,60
2020-12-10,60
2020-12-11,60
2020-12-14,60
2020-12-15,60
2020-12-16,60
2020-12-17,60
2020-12-18,60
2020-12-21,60
2020-12-22,60
2020-12-23,60
2020-12-24,60
2020-12-28,60
2020-12-29,60
2020-12-30,60
2020-12-31,60
2021-01-04,60
2021-01-05,60
2021-01-06,60
2021-01-07,60
2021-01-08,60
2021-01-11,60
2021-01-12,60
2021-01-13,60
2021-01-14,60
2021-01-15,60
2021-01-18,60
2021-01-19,60
2021-01-20,60
2021-01-21,60
2021-01-22,60
2021-01-25,60
2021-01-26,60
2021-01-27,60
2021-01-28,60
2021-01-29,60
2021-02-01,60
2021-02-02,60
2021-02-03,60
2021-02-04,60
2021-02-05,60
2021-02-08,60
2021-02-09,60
2021-02-10,60
2021-02-11,60
2021-02-16,60
2021-02-17,60
2021-02-18,60
2021-02-19,60
2021-02-22,60
2021-02-23,60
2021-02-24,60
2021-02-25,60
2021-02-26,60
2021-03-01,60
2021-03-02,60
2021-03-03,60
2021-03-04,60
2021-03-05,60
2021-03-08,60
2021-03-09,60
2021-03-10,60
2021-03-11,60
2021-03-12,60
2021-03-15,60
2021-03-16,60
2021-03-17,60
2021-03-18,60
2021-03-19,60
2021-03-22,60
2021-03-23,60
2021-03-24,60
2021-03-25,60
2021-03-26,60
2021-03-29,60
2021-03-30,60
2021-03-31,60
2021-04-01,60
2021-04-07,60
2021-04-08,60
2021-04-09,60
2021-04-12,60
2021-04-13,60
2021-04-14,60
2021-04-15,60
2021-04-16,60
2021-04-19,60
2021-04-20,60
2021-04-21,60
2021-04-22,60
2021-04-23,60
2021-04-26,60
2021-04-27,60
2021-04-28,60
2021-04-29,60
2021-04-30,60
2021-05-03,60
2021-05-04,60
2021-05-05,60
2021-05-06,60
2021-05-07,60
2021-05-10,60
2021-05-11,60
2021-05-12,60
2021-05-13,60
2021-05-14,60
2021-05-17,60
2021-05-18,60
2021-05-20,60
2021-05-21,60
2021-05-24,60
2021-05-25,60
2021-05-26,60
2021-05-27,60
2021-05-28,60
2021-05-31,60
2021-06-01,60
2021-06-02,60
2021-06-03,60
2021-06-04,60
2021-06-07,60
2021-06-08,60
2021-06-09,60
2021-06-10,60
2021-06-11,60
2021-06-15,60
2021-06-16,60
2021-06-17,60
2021-06-18,60
2021-06-21,60
2021-06-22,60
2021-06-23,60
2021-06-24,60
2021-06-25,60
2021-06-28,60
2021-06-29,60
2021-06-30,60
2021-07-02,60
2021-07-05,60
2021-07-06,60
2021-07-07,60
2021-07-08,60
2021-07-09,60
2021-07-12,60
2021-07-13,60
2021-07-14,60
2021-07-15,60
2021-07-16,60
2021-07-19,60
2021-07-20,60
2021-07-21,60
2021-07-22,60
2021-07-23,60
2021-07-26,60
2021-07-27,60
2021-07-28,60
2021-07-29,60
2021-07-30,60
2021-08-02,60
2021-08-03,60
2021-08-04,60
2021-08-05,60
2021-08-06,60
2021-08-09,60
2021-08-10,60
2021-08-11,60
2021-08-12,60
2021-08-13,60
2021-08-16,60
2021-08-17,60
2021-08-18,60
2021-08-19,60
2021-08-20,60
2021-08-23,60
2021-08-24,60
2021-08-25,60
2021-08-26,60
2021-08-27,60
2021-08-30,60
2021-08-31,60
2021-09-01,60
2021-09-02,60
2021-09-03,60
2021-09-06,60
2021-09-07,60
2021-09-08,60
2021-09-09,60
2021-09-10,60
2021-09-13,60
2021-09-14,60
2021-09-15,60
2021-09-16,60
2021-09-17,60
2021-09-20,60
2021-09-21,60
2021-09-23,60
2021-09-24,60
2021-09-27,60
2021-09-28,60
2021-09-29,60
2021-09-30,60
2021-10-04,60
2021-10-05,60
2021-10-06,60
2021-10-07,60
2021-10-08,60
2021-10-11,60
2021-10-12,60
2021-10-15,60
2021-10-18,60
2021-10-19,60
2021-10-20,60
2021-10-21,60
2021-10-22,60
2021-10-25,60
2021-10-26,60
2021-10-27,60
2021-10-28,60
2021-10-29,60
2021-11-01,60
2021-11-02,60
2021-11-03,60
2021-11-04,60
