name,symbol,sector,first_price_date,first_return_date
CKH HOLDINGS,0001.HK,Commerce,2008-01-02,2008-01-03
GALAXY ENT,0027.HK,Commerce,2008-01-02,2008-01-03
MTR CORPORATION,0066.HK,Commerce,2008-01-02,2008-01-03
GEELY AUTO,0175.HK,Commerce,2008-01-02,2008-01-03
ALI HEALTH,0241.HK,Commerce,2008-01-02,2008-01-03
CITIC,0267.HK,Commerce,2008-01-02,2008-01-03
WH GROUP,0288.HK,Commerce,2014-08-05,2014-08-06
SINOPEC CORP,0386.HK,Commerce,2008-01-02,2008-01-03
TECHTRONIC IND,0669.HK,Commerce,2008-01-02,2008-01-03
CHINA UNICOM,0762.HK,Commerce,2008-01-02,2008-01-03
PETROCHINA,0857.HK,Commerce,2008-01-02,2008-01-03
XINYI GLASS,0868.HK,Commerce,2008-01-02,2008-01-03
CNOOC,0883.HK,Commerce,2008-01-02,2008-01-03
CHINA MOBILE,0941.HK,Commerce,2008-01-02,2008-01-03
XINYI SOLAR,0968.HK,Commerce,2013-12-12,2013-12-13
HENGAN INT'L,1044.HK,Commerce,2008-01-02,2008-01-03
CSPC PHARMA,1093.HK,Commerce,2008-01-02,2008-01-03
SINO BIOPHARM,1177.HK,Commerce,2008-01-02,2008-01-03
BYD COMPANY,1211.HK,Commerce,2008-01-02,2008-01-03
BUD APAC,1876.HK,Commerce,2019-09-30,2019-10-02
SANDS CHINA LTD,1928.HK,Commerce,2009-11-30,2009-12-01
AAC TECH,2018.HK,Commerce,2008-01-02,2008-01-03
ANTA SPORTS,2020.HK,Commerce,2008-01-02,2008-01-03
WUXI BIO,2269.HK,Commerce,2017-06-13,2017-06-14
SHENZHOU INTL,2313.HK,Commerce,2008-01-02,2008-01-03
MENGNIU DAIRY,2319.HK,Commerce,2008-01-02,2008-01-03
LI NING,2331.HK,Commerce,2008-01-02,2008-01-03
SUNNY OPTICAL,2382.HK,Commerce,2008-01-02,2008-01-03
HAIDILAO,6862.HK,Commerce,2018-09-26,2018-09-27
HSBC HOLDINGS,0005.HK,Finance,2008-01-02,2008-01-03
HANG SENG BANK,0011.HK,Finance,2008-01-02,2008-01-03
HKEX,0388.HK,Finance,2008-01-02,2008-01-03
CCB,0939.HK,Finance,2008-01-02,2008-01-03
AIA,1299.HK,Finance,2010-10-29,2010-11-01
ICBC,1398.HK,Finance,2008-01-02,2008-01-03
PING AN,2318.HK,Finance,2008-01-02,2008-01-03
BOC HONG KONG,2388.HK,Finance,2008-01-02,2008-01-03
CHINA LIFE,2628.HK,Finance,2008-01-02,2008-01-03
CM BANK,3968.HK,Finance,2008-01-02,2008-01-03
BANK OF CHINA,3988.HK,Finance,2008-01-02,2008-01-03
TENCENT,0700.HK,Information technology,2008-01-02,2008-01-03
XIAOMI-W,1810.HK,Information technology,2018-07-09,2018-07-10
MEITUAN-W,3690.HK,Information technology,2018-09-20,2018-09-21
BABA-SW,9988.HK,Information technology,2019-11-26,2019-11-27
HENDERSON LAND,0012.HK,Properties,2008-01-02,2008-01-03
SHK PPT,0016.HK,Properties,2008-01-02,2008-01-03
NEW WORLD DEV,0017.HK,Properties,2008-01-02,2008-01-03
HANG LUNG PPT,0101.HK,Properties,2008-01-02,2008-01-03
CHINA OVERSEAS,0688.HK,Properties,2008-01-02,2008-01-03
LINK REIT,0823.HK,Properties,2008-01-02,2008-01-03
LONGFOR GROUP,0960.HK,Properties,2009-11-19,2009-11-20
CHINA RES LAND,1109.HK,Properties,2008-01-02,2008-01-03
CK ASSET,1113.HK,Properties,2015-06-03,2015-06-04
WHARF REIC,1997.HK,Properties,2017-11-15,2017-11-16
COUNTRY GARDEN,2007.HK,Properties,2008-01-02,2008-01-03
CG SERVICES,6098.HK,Properties,2018-06-19,2018-06-20
CLP HOLDINGS,0002.HK,Utilities,2008-01-02,2008-01-03
HK & CHINA GAS,0003.HK,Utilities,2008-01-02,2008-01-03
POWER ASSETS,0006.HK,Utilities,2008-01-02,2008-01-03
CKI HOLDINGS,1038.HK,Utilities,2008-01-02,2008-01-03
